Workbook

Sheet pivot_summary
B3: Column Labels
B4: captured | E4: chargeback | H4: failed | K4: Total Sum of amount_inr | L4: Total Count of transaction_id | M4: Total Distinct Count of transaction_date
A5: merchant_id | B5: Sum of amount_inr | C5: Count of transaction_id | D5: Distinct Count of transaction_date | E5: Sum of amount_inr | F5: Count of transaction_id | G5: Distinct Count of transaction_date | H5: Sum of amount_inr | I5: Count of transaction_id | J5: Distinct Count of transaction_date
A6: 1 | B6: 10142 | C6: 8 | D6: 6 | H6: 299 | I6: 1 | J6: 1 | K6: 10441 | L6: 9 | M6: 7
A7: 2 | B7: 3640 | C7: 10 | D7: 9 | K7: 3640 | L7: 10 | M7: 9
A8: 3 | B8: 8084 | C8: 16 | D8: 13 | E8: 149 | F8: 1 | G8: 1 | K8: 8233 | L8: 17 | M8: 13
A9: 4 | B9: 6941 | C9: 9 | D9: 7 | K9: 6941 | L9: 9 | M9: 7
A10: 5 | B10: 5340 | C10: 10 | D10: 8 | H10: 499 | I10: 1 | J10: 1 | K10: 5839 | L10: 11 | M10: 9
A11: Grand Total | B11: 34147 | C11: 53 | D11: 23 | E11: 149 | F11: 1 | G11: 1 | H11: 798 | I11: 2 | J11: 2 | K11: 35094 | L11: 56 | M11: 25

Sheet transactions
A1: transaction_id | B1: user_id | C1: merchant_id | D1: transaction_time | E1: amount_inr | F1: payment_method | G1: status | H1: risk_score | I1: merchant_name | J1: category | K1: region | L1: fee_percentage | M1: High-Value Merchant Day | N1: transaction_date
A2: TXN100000 | B2: 350 | C2: 16 | D2: 46051.467 | E2: 2999 | F2: Wallet | G2: captured | H2: 85 | I2: =IFERROR(VLOOKUP(C2, merchants!$A$2:$D$41, 2, FALSE), "Merchant not found") -> Merchant_016 | J2: =IFERROR(VLOOKUP(C2, merchants!$A$2:$D$41, 3, FALSE), "Merchant not found") -> bill_payment | K2: =IFERROR(VLOOKUP(C2, merchants!$A$2:$D$41, 4, FALSE), "Merchant not found") -> West | L2: =HLOOKUP(F2, merchants!$F$1:$I$2, 2, FALSE) -> 0.015 | M2: =IF(AND(SUMIFS($E:$E, $C:$C, C2, $D:$D, ">="&INT(D2), $D:$D, "<"&INT(D2)+1) > 5000, K2 <> "East"), "High-Value Day", "Regular") -> Regular | N2: =INT(D2) -> 46051
A3: TXN100001 | B3: 287 | C3: 27 | D3: 46026.492 | E3: 49 | F3: UPI | G3: captured | H3: 79 | I3: =IFERROR(VLOOKUP(C3, merchants!$A$2:$D$41, 2, FALSE), "Merchant not found") -> Merchant_027 | J3: =IFERROR(VLOOKUP(C3, merchants!$A$2:$D$41, 3, FALSE), "Merchant not found") -> ecommerce | K3: =IFERROR(VLOOKUP(C3, merchants!$A$2:$D$41, 4, FALSE), "Merchant not found") -> North | L3: =HLOOKUP(F3, merchants!$F$1:$I$2, 2, FALSE) -> 0 | M3: =IF(AND(SUMIFS($E:$E, $C:$C, C3, $D:$D, ">="&INT(D3), $D:$D, "<"&INT(D3)+1) > 5000, K3 <> "East"), "High-Value Day", "Regular") -> Regular | N3: =INT(D3) -> 46026
A4: TXN100002 | B4: 122 | C4: 11 | D4: 46046.208 | E4: 1499 | F4: Wallet | G4: captured | H4: 22 | I4: =IFERROR(VLOOKUP(C4, merchants!$A$2:$D$41, 2, FALSE), "Merchant not found") -> Merchant_011 | J4: =IFERROR(VLOOKUP(C4, merchants!$A$2:$D$41, 3, FALSE), "Merchant not found") -> ecommerce | K4: =IFERROR(VLOOKUP(C4, merchants!$A$2:$D$41, 4, FALSE), "Merchant not found") -> North | L4: =HLOOKUP(F4, merchants!$F$1:$I$2, 2, FALSE) -> 0.015 | M4: =IF(AND(SUMIFS($E:$E, $C:$C, C4, $D:$D, ">="&INT(D4), $D:$D, "<"&INT(D4)+1) > 5000, K4 <> "East"), "High-Value Day", "Regular") -> Regular | N4: =INT(D4) -> 46046
A5: TXN100003 | B5: 92 | C5: 22 | D5: 46051.542 | E5: 49 | F5: Netbanking | G5: captured | H5: 100 | I5: =IFERROR(VLOOKUP(C5, merchants!$A$2:$D$41, 2, FALSE), "Merchant not found") -> Merchant_022 | J5: =IFERROR(VLOOKUP(C5, merchants!$A$2:$D$41, 3, FALSE), "Merchant not found") -> travel | K5: =IFERROR(VLOOKUP(C5, merchants!$A$2:$D$41, 4, FALSE), "Merchant not found") -> South | L5: =HLOOKUP(F5, merchants!$F$1:$I$2, 2, FALSE) -> 0.018 | M5: =IF(AND(SUMIFS($E:$E, $C:$C, C5, $D:$D, ">="&INT(D5), $D:$D, "<"&INT(D5)+1) > 5000, K5 <> "East"), "High-Value Day", "Regular") -> Regular | N5: =INT(D5) -> 46051
A6: TXN100004 | B6: 343 | C6: 16 | D6: 46052.577 | E6: 99 | F6: UPI | G6: captured | H6: 34 | I6: =IFERROR(VLOOKUP(C6, merchants!$A$2:$D$41, 2, FALSE), "Merchant not found") -> Merchant_016 | J6: =IFERROR(VLOOKUP(C6, merchants!$A$2:$D$41, 3, FALSE), "Merchant not found") -> bill_payment | K6: =IFERROR(VLOOKUP(C6, merchants!$A$2:$D$41, 4, FALSE), "Merchant not found") -> West | L6: =HLOOKUP(F6, merchants!$F$1:$I$2, 2, FALSE) -> 0 | M6: =IF(AND(SUMIFS($E:$E, $C:$C, C6, $D:$D, ">="&INT(D6), $D:$D, "<"&INT(D6)+1) > 5000, K6 <> "East"), "High-Value Day", "Regular") -> Regular | N6: =INT(D6) -> 46052
A7: TXN100005 | B7: 196 | C7: 3 | D7: 46028.921 | E7: 99 | F7: UPI | G7: captured | H7: 60 | I7: =IFERROR(VLOOKUP(C7, merchants!$A$2:$D$41, 2, FALSE), "Merchant not found") -> Merchant_003 | J7: =IFERROR(VLOOKUP(C7, merchants!$A$2:$D$41, 3, FALSE), "Merchant not found") -> grocery | K7: =IFERROR(VLOOKUP(C7, merchants!$A$2:$D$41, 4, FALSE), "Merchant not found") -> East | L7: =HLOOKUP(F7, merchants!$F$1:$I$2, 2, FALSE) -> 0 | M7: =IF(AND(SUMIFS($E:$E, $C:$C, C7, $D:$D, ">="&INT(D7), $D:$D, "<"&INT(D7)+1) > 5000, K7 <> "East"), "High-Value Day", "Regular") -> Regular | N7: =INT(D7) -> 46028
A8: TXN100006 | B8: 236 | C8: 23 | D8: 46030.286 | E8: 99 | F8: Wallet | G8: captured | H8: 39 | I8: =IFERROR(VLOOKUP(C8, merchants!$A$2:$D$41, 2, FALSE), "Merchant not found") -> Merchant_023 | J8: =IFERROR(VLOOKUP(C8, merchants!$A$2:$D$41, 3, FALSE), "Merchant not found") -> travel | K8: =IFERROR(VLOOKUP(C8, merchants!$A$2:$D$41, 4, FALSE), "Merchant not found") -> North | L8: =HLOOKUP(F8, merchants!$F$1:$I$2, 2, FALSE) -> 0.015 | M8: =IF(AND(SUMIFS($E:$E, $C:$C, C8, $D:$D, ">="&INT(D8), $D:$D, "<"&INT(D8)+1) > 5000, K8 <> "East"), "High-Value Day", "Regular") -> Regular | N8: =INT(D8) -> 46030
A9: TXN100007 | B9: 13 | C9: 13 | D9: 46049.301 | E9: 99 | F9: UPI | G9: captured | H9: 51 | I9: =IFERROR(VLOOKUP(C9, merchants!$A$2:$D$41, 2, FALSE), "Merchant not found") -> Merchant_013 | J9: =IFERROR(VLOOKUP(C9, merchants!$A$2:$D$41, 3, FALSE), "Merchant not found") -> travel | K9: =IFERROR(VLOOKUP(C9, merchants!$A$2:$D$41, 4, FALSE), "Merchant not found") -> East | L9: =HLOOKUP(F9, merchants!$F$1:$I$2, 2, FALSE) -> 0 | M9: =IF(AND(SUMIFS($E:$E, $C:$C, C9, $D:$D, ">="&INT(D9), $D:$D, "<"&INT(D9)+1) > 5000, K9 <> "East"), "High-Value Day", "Regular") -> Regular | N9: =INT(D9) -> 46049
A10: TXN100008 | B10: 36 | C10: 18 | D10: 46033.372 | E10: 799 | F10: UPI | G10: captured | H10: 44 | I10: =IFERROR(VLOOKUP(C10, merchants!$A$2:$D$41, 2, FALSE), "Merchant not found") -> Merchant_018 | J10: =IFERROR(VLOOKUP(C10, merchants!$A$2:$D$41, 3, FALSE), "Merchant not found") -> grocery | K10: =IFERROR(VLOOKUP(C10, merchants!$A$2:$D$41, 4, FALSE), "Merchant not found") -> West | L10: =HLOOKUP(F10, merchants!$F$1:$I$2, 2, FALSE) -> 0 | M10: =IF(AND(SUMIFS($E:$E, $C:$C, C10, $D:$D, ">="&INT(D10), $D:$D, "<"&INT(D10)+1) > 5000, K10 <> "East"), "High-Value Day", "Regular") -> Regular | N10: =INT(D10) -> 46033
A11: TXN100009 | B11: 348 | C11: 35 | D11: 46043.684 | E11: 299 | F11: UPI | G11: captured | H11: 42 | I11: =IFERROR(VLOOKUP(C11, merchants!$A$2:$D$41, 2, FALSE), "Merchant not found") -> Merchant_035 | J11: =IFERROR(VLOOKUP(C11, merchants!$A$2:$D$41, 3, FALSE), "Merchant not found") -> recharge | K11: =IFERROR(VLOOKUP(C11, merchants!$A$2:$D$41, 4, FALSE), "Merchant not found") -> East | L11: =HLOOKUP(F11, merchants!$F$1:$I$2, 2, FALSE) -> 0 | M11: =IF(AND(SUMIFS($E:$E, $C:$C, C11, $D:$D, ">="&INT(D11), $D:$D, "<"&INT(D11)+1) > 5000, K11 <> "East"), "High-Value Day", "Regular") -> Regular | N11: =INT(D11) -> 46043
A12: TXN100010 | B12: 134 | C12: 12 | D12: 46023.164 | E12: 49 | F12: UPI | G12: captured | H12: 74 | I12: =IFERROR(VLOOKUP(C12, merchants!$A$2:$D$41, 2, FALSE), "Merchant not found") -> Merchant_012 | J12: =IFERROR(VLOOKUP(C12, merchants!$A$2:$D$41, 3, FALSE), "Merchant not found") -> ecommerce | K12: =IFERROR(VLOOKUP(C12, merchants!$A$2:$D$41, 4, FALSE), "Merchant not found") -> East | L12: =HLOOKUP(F12, merchants!$F$1:$I$2, 2, FALSE) -> 0 | M12: =IF(AND(SUMIFS($E:$E, $C:$C, C12, $D:$D, ">="&INT(D12), $D:$D, "<"&INT(D12)+1) > 5000, K12 <> "East"), "High-Value Day", "Regular") -> Regular | N12: =INT(D12) -> 46023
A13: TXN100011 | B13: 306 | C13: 28 | D13: 46031.046 | E13: 2999 | F13: Card | G13: failed | H13: 44 | I13: =IFERROR(VLOOKUP(C13, merchants!$A$2:$D$41, 2, FALSE), "Merchant not found") -> Merchant_028 | J13: =IFERROR(VLOOKUP(C13, merchants!$A$2:$D$41, 3, FALSE), "Merchant not found") -> ecommerce | K13: =IFERROR(VLOOKUP(C13, merchants!$A$2:$D$41, 4, FALSE), "Merchant not found") -> South | L13: =HLOOKUP(F13, merchants!$F$1:$I$2, 2, FALSE) -> 0.02 | M13: =IF(AND(SUMIFS($E:$E, $C:$C, C13, $D:$D, ">="&INT(D13), $D:$D, "<"&INT(D13)+1) > 5000, K13 <> "East"), "High-Value Day", "Regular") -> Regular | N13: =INT(D13) -> 46031
... A548: TXN300031 | B548: 345 | C548: 12 | D548: 46045.377 | E548: 399 | F548: Card | G548: captured | H548: 69 | I548: =IFERROR(VLOOKUP(C548, merchants!$A$2:$D$41, 2, FALSE), "Merchant not found") -> Merchant_012 | J548: =IFERROR(VLOOKUP(C548, merchants!$A$2:$D$41, 3, FALSE), "Merchant not found") -> ecommerce | K548: =IFERROR(VLOOKUP(C548, merchants!$A$2:$D$41, 4, FALSE), "Merchant not found") -> East | L548: =HLOOKUP(F548, merchants!$F$1:$I$2, 2, FALSE) -> 0.02 | M548: =IF(AND(SUMIFS($E:$E, $C:$C, C548, $D:$D, ">="&INT(D548), $D:$D, "<"&INT(D548)+1) > 5000, K548 <> "East"), "High-Value Day", "Regular") -> Regular | N548: =INT(D548) -> 46045

Sheet merchants
A1: merchant_id | B1: merchant_name | C1: category | D1: region | F1: UPI | G1: Wallet | H1: Card | I1: Netbanking
A2: 1 | B2: Merchant_001 | C2: ecommerce | D2: South | F2: 0 | G2: 0.015 | H2: 0.02 | I2: 0.018
A3: 2 | B3: Merchant_002 | C3: grocery | D3: West
A4: 3 | B4: Merchant_003 | C4: grocery | D4: East
A5: 4 | B5: Merchant_004 | C5: ecommerce | D5: East
A6: 5 | B6: Merchant_005 | C6: recharge | D6: South
A7: 6 | B7: Merchant_006 | C7: food_delivery | D7: South
A8: 7 | B8: Merchant_007 | C8: food_delivery | D8: East
A9: 8 | B9: Merchant_008 | C9: food_delivery | D9: North
A10: 9 | B10: Merchant_009 | C10: ecommerce | D10: North
A11: 10 | B11: Merchant_010 | C11: grocery | D11: West
A12: 11 | B12: Merchant_011 | C12: ecommerce | D12: North
A13: 12 | B13: Merchant_012 | C13: ecommerce | D13: East
A14: 13 | B14: Merchant_013 | C14: travel | D14: East
... A41: 40 | B41: Merchant_040 | C41: entertainment | D41: South
